Model,Rows Evaluated,ROUGE-1,ROUGE-2,ROUGE-L,BLEU,BERTScore-F1
Groq API Baseline,562,21.95842812312046,6.796397658824128,14.608463430299839,3.635506167830138,69.87299919128418
Fine-Tuned Local,562,14.530776858586863,3.75915003629326,10.170674715401079,2.2683500762432938,64.25169110298157
RAG Enhanced,562,11.242154072402434,2.609825207692273,7.868754129077455,1.7093552199388946,62.742942571640015
