model,rouge1_vs_gold,rouge2_vs_gold,rougeL_vs_gold,bleu_vs_gold
Model1_API_Llama70B,0.2344038902244896,0.07829914880484226,0.15249029883008525,3.987781945280675
Model2_Finetuned_Gemma2B,0.1742809208271288,0.03551734981881118,0.10133928601381234,1.248916167787513
Model3_RAG_Gemma2B,0.20822582147352486,0.051271118463822124,0.13220173014645645,2.175572385921329
