model,rouge1_vs_ref,rouge2_vs_ref,rougeL_vs_ref,bleu_vs_ref,avg_chars,avg_words,avg_paragraph_cites,pct_answers_with_cite
Model1_API_Llama70B,1.0,1.0,1.0,100.00000000000004,883.1632970451011,125.67496111975116,3.2068429237947123,100.0
Model2_Finetuned_Gemma2B,0.3484383643916187,0.10766459297959394,0.18396277178863304,5.989019489526992,1257.1384136858476,162.55365474339035,1.2768273716951788,57.38724727838258
Model3_RAG_Gemma2B,0.31692170627267263,0.10514956525405911,0.18637455056337246,7.881987016202612,779.7682737169517,105.38880248833593,2.35303265940902,94.09020217729393
