model,BLEU,ROUGE-L,BERTScore
inference,0.027680367083388235,0.17129721742977544,0.7096708416938782
finetuned,0.015506095811949195,0.12992504861984397,0.6746835708618164
rag,0.03676916717196651,0.18586918500873212,0.7148443460464478
