Model,Rows in output,Rows evaluated,Exact Match,Token F1,BLEU-4,ROUGE-1 F1,ROUGE-2 F1,ROUGE-L F1,BERTScore Precision,BERTScore Recall,BERTScore F1,Avg. answer length (chars),Avg. answer length (tokens)
Model 1 - Inference,643,645,0.0,0.17885966791397917,0.018495787083715035,0.17395992370826435,0.047761631593224364,0.1114913179244329,0.6366961473642394,0.7140362331109453,0.672604454118152,990.1984496124031,135.09302325581396
Model 3 - RAG (fine-tuned),643,645,0.0,0.18789164685446794,0.030880513181698353,0.1802519246646597,0.05619247595114927,0.13600558631236442,0.645931684139163,0.6701311638188917,0.656827117167702,443.43565891472866,68.14108527131783
Model 2 - Fine-tuning,643,645,0.0,0.17045418010190436,0.019098511392438275,0.1610371793465242,0.04312853143131836,0.1272591263161114,0.6415928463603175,0.6521480272906696,0.6455414323381675,359.5736434108527,60.24186046511628
