model,BERTScore_F1,ROUGE_L,Citation_EM,Citation_Precision,Citation_Recall,Citation_F1,Cosine_Sim,Readability
RAG_model3,0.6991660778522492,0.17189893434796563,0.216,0.224,0.224,0.22333333333333336,0.6332651231586933,40.46073030648536
