Model,Exact Match,BLEU-4,ROUGE-1,ROUGE-2,ROUGE-L,BERTScore F1
Model 1 (Baseline GPT-2),0.0,0.004564566358132952,0.11272530738039352,0.016416681988252364,0.08073597504998557,0.6293568015098572
Model 2 (Fine-tuned GPT-2),0.0,0.0038029139353380724,0.12796557136390732,0.012988759015849713,0.0665760845082065,0.6544034481048584
Model 3 (RAG + GPT-4o-mini),0.0,0.04763021228574569,0.29353449070547116,0.11354547195603064,0.2025550313711743,0.7336345314979553
